book_isbn,title,author,price,category_id,sub_category_id,shelf_location,stock_qty
B460101001,ผ่าพิภพไททัน (Attack on Titan) เล่ม 1,Hajime Isayama,90,1,1,A-01,5
B460101002,ผ่าพิภพไททัน (Attack on Titan) เล่ม 2,Hajime Isayama,90,1,1,A-01,5
B460101003,ผ่าพิภพไททัน (Attack on Titan) เล่ม 3,Hajime Isayama,90,1,1,A-01,5
B460101004,ผ่าพิภพไททัน (Attack on Titan) เล่ม 4,Hajime Isayama,90,1,1,A-01,5
B460101005,ผ่าพิภพไททัน (Attack on Titan) เล่ม 5,Hajime Isayama,90,1,1,A-01,5
B460101006,ผ่าพิภพไททัน (Attack on Titan) เล่ม 6,Hajime Isayama,90,1,1,A-01,5
B460101007,ผ่าพิภพไททัน (Attack on Titan) เล่ม 7,Hajime Isayama,90,1,1,A-01,5
B460101008,ผ่าพิภพไททัน (Attack on Titan) เล่ม 8,Hajime Isayama,90,1,1,A-01,5
B460101009,ผ่าพิภพไททัน (Attack on Titan) เล่ม 9,Hajime Isayama,90,1,1,A-01,5
B460101010,ผ่าพิภพไททัน (Attack on Titan) เล่ม 10,Hajime Isayama,90,1,1,A-01,5
B460101011,ผ่าพิภพไททัน (Attack on Titan) เล่ม 11,Hajime Isayama,90,1,1,A-01,5
B460101012,ผ่าพิภพไททัน (Attack on Titan) เล่ม 12,Hajime Isayama,90,1,1,A-01,5
B460101013,ผ่าพิภพไททัน (Attack on Titan) เล่ม 13,Hajime Isayama,90,1,1,A-01,5
B460101014,ผ่าพิภพไททัน (Attack on Titan) เล่ม 14,Hajime Isayama,90,1,1,A-01,5
B460101015,ผ่าพิภพไททัน (Attack on Titan) เล่ม 15,Hajime Isayama,90,1,1,A-01,5
B460101016,ผ่าพิภพไททัน (Attack on Titan) เล่ม 16,Hajime Isayama,90,1,1,A-01,5
B460101017,ผ่าพิภพไททัน (Attack on Titan) เล่ม 17,Hajime Isayama,90,1,1,A-01,5
B460101018,ผ่าพิภพไททัน (Attack on Titan) เล่ม 18,Hajime Isayama,90,1,1,A-01,5
B460101019,ผ่าพิภพไททัน (Attack on Titan) เล่ม 19,Hajime Isayama,90,1,1,A-01,5
B460101020,ผ่าพิภพไททัน (Attack on Titan) เล่ม 20,Hajime Isayama,90,1,1,A-01,5
B460101021,ผ่าพิภพไททัน (Attack on Titan) เล่ม 21,Hajime Isayama,90,1,1,A-01,5
B460101022,ผ่าพิภพไททัน (Attack on Titan) เล่ม 22,Hajime Isayama,90,1,1,A-01,5
B460101023,ผ่าพิภพไททัน (Attack on Titan) เล่ม 23,Hajime Isayama,90,1,1,A-01,5
B460101024,ผ่าพิภพไททัน (Attack on Titan) เล่ม 24,Hajime Isayama,90,1,1,A-01,5
B460101025,ผ่าพิภพไททัน (Attack on Titan) เล่ม 25,Hajime Isayama,90,1,1,A-01,5
B460101026,ผ่าพิภพไททัน (Attack on Titan) เล่ม 26,Hajime Isayama,90,1,1,A-01,5
B460101027,ผ่าพิภพไททัน (Attack on Titan) เล่ม 27,Hajime Isayama,90,1,1,A-01,5
B460101028,ผ่าพิภพไททัน (Attack on Titan) เล่ม 28,Hajime Isayama,90,1,1,A-01,5
B460101029,ผ่าพิภพไททัน (Attack on Titan) เล่ม 29,Hajime Isayama,90,1,1,A-01,5
B460101030,ผ่าพิภพไททัน (Attack on Titan) เล่ม 30,Hajime Isayama,90,1,1,A-01,5
B460101031,ผ่าพิภพไททัน (Attack on Titan) เล่ม 31,Hajime Isayama,90,1,1,A-01,5
B460101032,ผ่าพิภพไททัน (Attack on Titan) เล่ม 32,Hajime Isayama,90,1,1,A-01,5
B460101033,ผ่าพิภพไททัน (Attack on Titan) เล่ม 33,Hajime Isayama,90,1,1,A-01,5
B460101034,ผ่าพิภพไททัน (Attack on Titan) เล่ม 34,Hajime Isayama,90,1,1,A-01,5
B470101001,ดาบพิฆาตอสูร (Demon Slayer) เล่ม 1,Koyoharu Gotouge,90,1,1,A-02,5
B470101002,ดาบพิฆาตอสูร (Demon Slayer) เล่ม 2,Koyoharu Gotouge,90,1,1,A-02,5
B470101003,ดาบพิฆาตอสูร (Demon Slayer) เล่ม 3,Koyoharu Gotouge,90,1,1,A-02,5
B470101004,ดาบพิฆาตอสูร (Demon Slayer) เล่ม 4,Koyoharu Gotouge,90,1,1,A-02,5
B470101005,ดาบพิฆาตอสูร (Demon Slayer) เล่ม 5,Koyoharu Gotouge,90,1,1,A-02,5
B470101006,ดาบพิฆาตอสูร (Demon Slayer) เล่ม 6,Koyoharu Gotouge,90,1,1,A-02,5
B470101007,ดาบพิฆาตอสูร (Demon Slayer) เล่ม 7,Koyoharu Gotouge,90,1,1,A-02,5
B470101008,ดาบพิฆาตอสูร (Demon Slayer) เล่ม 8,Koyoharu Gotouge,90,1,1,A-02,5
B470101009,ดาบพิฆาตอสูร (Demon Slayer) เล่ม 9,Koyoharu Gotouge,90,1,1,A-02,5
B470101010,ดาบพิฆาตอสูร (Demon Slayer) เล่ม 10,Koyoharu Gotouge,90,1,1,A-02,5
B470101011,ดาบพิฆาตอสูร (Demon Slayer) เล่ม 11,Koyoharu Gotouge,90,1,1,A-02,5
B470101012,ดาบพิฆาตอสูร (Demon Slayer) เล่ม 12,Koyoharu Gotouge,90,1,1,A-02,5
B470101013,ดาบพิฆาตอสูร (Demon Slayer) เล่ม 13,Koyoharu Gotouge,90,1,1,A-02,5
B470101014,ดาบพิฆาตอสูร (Demon Slayer) เล่ม 14,Koyoharu Gotouge,90,1,1,A-02,5
B470101015,ดาบพิฆาตอสูร (Demon Slayer) เล่ม 15,Koyoharu Gotouge,90,1,1,A-02,5
B470101016,ดาบพิฆาตอสูร (Demon Slayer) เล่ม 16,Koyoharu Gotouge,90,1,1,A-02,5
B470101017,ดาบพิฆาตอสูร (Demon Slayer) เล่ม 17,Koyoharu Gotouge,90,1,1,A-02,5
B470101018,ดาบพิฆาตอสูร (Demon Slayer) เล่ม 18,Koyoharu Gotouge,90,1,1,A-02,5
B470101019,ดาบพิฆาตอสูร (Demon Slayer) เล่ม 19,Koyoharu Gotouge,90,1,1,A-02,5
B470101020,ดาบพิฆาตอสูร (Demon Slayer) เล่ม 20,Koyoharu Gotouge,90,1,1,A-02,5
B470101021,ดาบพิฆาตอสูร (Demon Slayer) เล่ม 21,Koyoharu Gotouge,90,1,1,A-02,5
B470101022,ดาบพิฆาตอสูร (Demon Slayer) เล่ม 22,Koyoharu Gotouge,90,1,1,A-02,5
B470101023,ดาบพิฆาตอสูร (Demon Slayer) เล่ม 23,Koyoharu Gotouge,90,1,1,A-02,5
B480101001,วันพีช (One Piece) เล่ม 1,Eiichiro Oda,95,1,1,A-03,5
B480101002,วันพีช (One Piece) เล่ม 2,Eiichiro Oda,95,1,1,A-03,5
B480101003,วันพีช (One Piece) เล่ม 3,Eiichiro Oda,95,1,1,A-03,5
B480101004,วันพีช (One Piece) เล่ม 4,Eiichiro Oda,95,1,1,A-03,5
B480101005,วันพีช (One Piece) เล่ม 5,Eiichiro Oda,95,1,1,A-03,5
B480101006,วันพีช (One Piece) เล่ม 6,Eiichiro Oda,95,1,1,A-03,5
B480101007,วันพีช (One Piece) เล่ม 7,Eiichiro Oda,95,1,1,A-03,5
B480101008,วันพีช (One Piece) เล่ม 8,Eiichiro Oda,95,1,1,A-03,5
B480101009,วันพีช (One Piece) เล่ม 9,Eiichiro Oda,95,1,1,A-03,5
B480101010,วันพีช (One Piece) เล่ม 10,Eiichiro Oda,95,1,1,A-03,5
B480101011,วันพีช (One Piece) เล่ม 11,Eiichiro Oda,95,1,1,A-03,5
B480101012,วันพีช (One Piece) เล่ม 12,Eiichiro Oda,95,1,1,A-03,5
B480101013,วันพีช (One Piece) เล่ม 13,Eiichiro Oda,95,1,1,A-03,5
B480101014,วันพีช (One Piece) เล่ม 14,Eiichiro Oda,95,1,1,A-03,5
B480101015,วันพีช (One Piece) เล่ม 15,Eiichiro Oda,95,1,1,A-03,5
B480101016,วันพีช (One Piece) เล่ม 16,Eiichiro Oda,95,1,1,A-03,5
B480101017,วันพีช (One Piece) เล่ม 17,Eiichiro Oda,95,1,1,A-03,5
B480101018,วันพีช (One Piece) เล่ม 18,Eiichiro Oda,95,1,1,A-03,5
B480101019,วันพีช (One Piece) เล่ม 19,Eiichiro Oda,95,1,1,A-03,5
B480101020,วันพีช (One Piece) เล่ม 20,Eiichiro Oda,95,1,1,A-03,5
B480101021,วันพีช (One Piece) เล่ม 21,Eiichiro Oda,95,1,1,A-03,5
B480101022,วันพีช (One Piece) เล่ม 22,Eiichiro Oda,95,1,1,A-03,5
B480101023,วันพีช (One Piece) เล่ม 23,Eiichiro Oda,95,1,1,A-03,5
B480101024,วันพีช (One Piece) เล่ม 24,Eiichiro Oda,95,1,1,A-03,5
B480101025,วันพีช (One Piece) เล่ม 25,Eiichiro Oda,95,1,1,A-03,5
B480101026,วันพีช (One Piece) เล่ม 26,Eiichiro Oda,95,1,1,A-03,5
B480101027,วันพีช (One Piece) เล่ม 27,Eiichiro Oda,95,1,1,A-03,5
B480101028,วันพีช (One Piece) เล่ม 28,Eiichiro Oda,95,1,1,A-03,5
B480101029,วันพีช (One Piece) เล่ม 29,Eiichiro Oda,95,1,1,A-03,5
B480101030,วันพีช (One Piece) เล่ม 30,Eiichiro Oda,95,1,1,A-03,5
B480101031,วันพีช (One Piece) เล่ม 31,Eiichiro Oda,95,1,1,A-03,5
B480101032,วันพีช (One Piece) เล่ม 32,Eiichiro Oda,95,1,1,A-03,5
B480101033,วันพีช (One Piece) เล่ม 33,Eiichiro Oda,95,1,1,A-03,5
B480101034,วันพีช (One Piece) เล่ม 34,Eiichiro Oda,95,1,1,A-03,5
B480101035,วันพีช (One Piece) เล่ม 35,Eiichiro Oda,95,1,1,A-03,5
B480101036,วันพีช (One Piece) เล่ม 36,Eiichiro Oda,95,1,1,A-03,5
B480101037,วันพีช (One Piece) เล่ม 37,Eiichiro Oda,95,1,1,A-03,5
B480101038,วันพีช (One Piece) เล่ม 38,Eiichiro Oda,95,1,1,A-03,5
B480101039,วันพีช (One Piece) เล่ม 39,Eiichiro Oda,95,1,1,A-03,5
B480101040,วันพีช (One Piece) เล่ม 40,Eiichiro Oda,95,1,1,A-03,5
B480101041,วันพีช (One Piece) เล่ม 41,Eiichiro Oda,95,1,1,A-03,5
B480101042,วันพีช (One Piece) เล่ม 42,Eiichiro Oda,95,1,1,A-03,5
B480101043,วันพีช (One Piece) เล่ม 43,Eiichiro Oda,95,1,1,A-03,5
B480101044,วันพีช (One Piece) เล่ม 44,Eiichiro Oda,95,1,1,A-03,5
B480101045,วันพีช (One Piece) เล่ม 45,Eiichiro Oda,95,1,1,A-03,5
B480101046,วันพีช (One Piece) เล่ม 46,Eiichiro Oda,95,1,1,A-03,5
B480101047,วันพีช (One Piece) เล่ม 47,Eiichiro Oda,95,1,1,A-03,5
B480101048,วันพีช (One Piece) เล่ม 48,Eiichiro Oda,95,1,1,A-03,5
B480101049,วันพีช (One Piece) เล่ม 49,Eiichiro Oda,95,1,1,A-03,5
B480101050,วันพีช (One Piece) เล่ม 50,Eiichiro Oda,95,1,1,A-03,5
B480101051,วันพีช (One Piece) เล่ม 51,Eiichiro Oda,95,1,1,A-03,5
B480101052,วันพีช (One Piece) เล่ม 52,Eiichiro Oda,95,1,1,A-03,5
B480101053,วันพีช (One Piece) เล่ม 53,Eiichiro Oda,95,1,1,A-03,5
B480101054,วันพีช (One Piece) เล่ม 54,Eiichiro Oda,95,1,1,A-03,5
B480101055,วันพีช (One Piece) เล่ม 55,Eiichiro Oda,95,1,1,A-03,5
B480101056,วันพีช (One Piece) เล่ม 56,Eiichiro Oda,95,1,1,A-03,5
B480101057,วันพีช (One Piece) เล่ม 57,Eiichiro Oda,95,1,1,A-03,5
B480101058,วันพีช (One Piece) เล่ม 58,Eiichiro Oda,95,1,1,A-03,5
B480101059,วันพีช (One Piece) เล่ม 59,Eiichiro Oda,95,1,1,A-03,5
B480101060,วันพีช (One Piece) เล่ม 60,Eiichiro Oda,95,1,1,A-03,5
B480101061,วันพีช (One Piece) เล่ม 61,Eiichiro Oda,95,1,1,A-03,5
B480101062,วันพีช (One Piece) เล่ม 62,Eiichiro Oda,95,1,1,A-03,5
B480101063,วันพีช (One Piece) เล่ม 63,Eiichiro Oda,95,1,1,A-03,5
B480101064,วันพีช (One Piece) เล่ม 64,Eiichiro Oda,95,1,1,A-03,5
B480101065,วันพีช (One Piece) เล่ม 65,Eiichiro Oda,95,1,1,A-03,5
B480101066,วันพีช (One Piece) เล่ม 66,Eiichiro Oda,95,1,1,A-03,5
B480101067,วันพีช (One Piece) เล่ม 67,Eiichiro Oda,95,1,1,A-03,5
B480101068,วันพีช (One Piece) เล่ม 68,Eiichiro Oda,95,1,1,A-03,5
B480101069,วันพีช (One Piece) เล่ม 69,Eiichiro Oda,95,1,1,A-03,5
B480101070,วันพีช (One Piece) เล่ม 70,Eiichiro Oda,95,1,1,A-03,5
B480101071,วันพีช (One Piece) เล่ม 71,Eiichiro Oda,95,1,1,A-03,5
B480101072,วันพีช (One Piece) เล่ม 72,Eiichiro Oda,95,1,1,A-03,5
B480101073,วันพีช (One Piece) เล่ม 73,Eiichiro Oda,95,1,1,A-03,5
B480101074,วันพีช (One Piece) เล่ม 74,Eiichiro Oda,95,1,1,A-03,5
B480101075,วันพีช (One Piece) เล่ม 75,Eiichiro Oda,95,1,1,A-03,5
B480101076,วันพีช (One Piece) เล่ม 76,Eiichiro Oda,95,1,1,A-03,5
B480101077,วันพีช (One Piece) เล่ม 77,Eiichiro Oda,95,1,1,A-03,5
B480101078,วันพีช (One Piece) เล่ม 78,Eiichiro Oda,95,1,1,A-03,5
B480101079,วันพีช (One Piece) เล่ม 79,Eiichiro Oda,95,1,1,A-03,5
B480101080,วันพีช (One Piece) เล่ม 80,Eiichiro Oda,95,1,1,A-03,5
B480101081,วันพีช (One Piece) เล่ม 81,Eiichiro Oda,95,1,1,A-03,5
B480101082,วันพีช (One Piece) เล่ม 82,Eiichiro Oda,95,1,1,A-03,5
B480101083,วันพีช (One Piece) เล่ม 83,Eiichiro Oda,95,1,1,A-03,5
B480101084,วันพีช (One Piece) เล่ม 84,Eiichiro Oda,95,1,1,A-03,5
B480101085,วันพีช (One Piece) เล่ม 85,Eiichiro Oda,95,1,1,A-03,5
B480101086,วันพีช (One Piece) เล่ม 86,Eiichiro Oda,95,1,1,A-03,5
B480101087,วันพีช (One Piece) เล่ม 87,Eiichiro Oda,95,1,1,A-03,5
B480101088,วันพีช (One Piece) เล่ม 88,Eiichiro Oda,95,1,1,A-03,5
B480101089,วันพีช (One Piece) เล่ม 89,Eiichiro Oda,95,1,1,A-03,5
B480101090,วันพีช (One Piece) เล่ม 90,Eiichiro Oda,95,1,1,A-03,5
B480101091,วันพีช (One Piece) เล่ม 91,Eiichiro Oda,95,1,1,A-03,5
B480101092,วันพีช (One Piece) เล่ม 92,Eiichiro Oda,95,1,1,A-03,5
B480101093,วันพีช (One Piece) เล่ม 93,Eiichiro Oda,95,1,1,A-03,5
B480101094,วันพีช (One Piece) เล่ม 94,Eiichiro Oda,95,1,1,A-03,5
B480101095,วันพีช (One Piece) เล่ม 95,Eiichiro Oda,95,1,1,A-03,5
B480101096,วันพีช (One Piece) เล่ม 96,Eiichiro Oda,95,1,1,A-03,5
B480101097,วันพีช (One Piece) เล่ม 97,Eiichiro Oda,95,1,1,A-03,5
B480101098,วันพีช (One Piece) เล่ม 98,Eiichiro Oda,95,1,1,A-03,5
B480101099,วันพีช (One Piece) เล่ม 99,Eiichiro Oda,95,1,1,A-03,5
B480101100,วันพีช (One Piece) เล่ม 100,Eiichiro Oda,95,1,1,A-03,5
B480101101,วันพีช (One Piece) เล่ม 101,Eiichiro Oda,95,1,1,A-03,5
B480101102,วันพีช (One Piece) เล่ม 102,Eiichiro Oda,95,1,1,A-03,5
B480101103,วันพีช (One Piece) เล่ม 103,Eiichiro Oda,95,1,1,A-03,5
B480101104,วันพีช (One Piece) เล่ม 104,Eiichiro Oda,95,1,1,A-03,5
B480101105,วันพีช (One Piece) เล่ม 105,Eiichiro Oda,95,1,1,A-03,5
B480101106,วันพีช (One Piece) เล่ม 106,Eiichiro Oda,95,1,1,A-03,5
B480101107,วันพีช (One Piece) เล่ม 107,Eiichiro Oda,95,1,1,A-03,5
B480101108,วันพีช (One Piece) เล่ม 108,Eiichiro Oda,95,1,1,A-03,5
B480101109,วันพีช (One Piece) เล่ม 109,Eiichiro Oda,95,1,1,A-03,5
B490101001,มหาเวทย์ผนึกมาร (Jujutsu Kaisen) เล่ม 1,Gege Akutami,90,1,1,A-04,5
B490101002,มหาเวทย์ผนึกมาร (Jujutsu Kaisen) เล่ม 2,Gege Akutami,90,1,1,A-04,5
B490101003,มหาเวทย์ผนึกมาร (Jujutsu Kaisen) เล่ม 3,Gege Akutami,90,1,1,A-04,5
B490101004,มหาเวทย์ผนึกมาร (Jujutsu Kaisen) เล่ม 4,Gege Akutami,90,1,1,A-04,5
B490101005,มหาเวทย์ผนึกมาร (Jujutsu Kaisen) เล่ม 5,Gege Akutami,90,1,1,A-04,5
B490101006,มหาเวทย์ผนึกมาร (Jujutsu Kaisen) เล่ม 6,Gege Akutami,90,1,1,A-04,5
B490101007,มหาเวทย์ผนึกมาร (Jujutsu Kaisen) เล่ม 7,Gege Akutami,90,1,1,A-04,5
B490101008,มหาเวทย์ผนึกมาร (Jujutsu Kaisen) เล่ม 8,Gege Akutami,90,1,1,A-04,5
B490101009,มหาเวทย์ผนึกมาร (Jujutsu Kaisen) เล่ม 9,Gege Akutami,90,1,1,A-04,5
B490101010,มหาเวทย์ผนึกมาร (Jujutsu Kaisen) เล่ม 10,Gege Akutami,90,1,1,A-04,5
B490101011,มหาเวทย์ผนึกมาร (Jujutsu Kaisen) เล่ม 11,Gege Akutami,90,1,1,A-04,5
B490101012,มหาเวทย์ผนึกมาร (Jujutsu Kaisen) เล่ม 12,Gege Akutami,90,1,1,A-04,5
B490101013,มหาเวทย์ผนึกมาร (Jujutsu Kaisen) เล่ม 13,Gege Akutami,90,1,1,A-04,5
B490101014,มหาเวทย์ผนึกมาร (Jujutsu Kaisen) เล่ม 14,Gege Akutami,90,1,1,A-04,5
B490101015,มหาเวทย์ผนึกมาร (Jujutsu Kaisen) เล่ม 15,Gege Akutami,90,1,1,A-04,5
B490101016,มหาเวทย์ผนึกมาร (Jujutsu Kaisen) เล่ม 16,Gege Akutami,90,1,1,A-04,5
B490101017,มหาเวทย์ผนึกมาร (Jujutsu Kaisen) เล่ม 17,Gege Akutami,90,1,1,A-04,5
B490101018,มหาเวทย์ผนึกมาร (Jujutsu Kaisen) เล่ม 18,Gege Akutami,90,1,1,A-04,5
B490101019,มหาเวทย์ผนึกมาร (Jujutsu Kaisen) เล่ม 19,Gege Akutami,90,1,1,A-04,5
B490101020,มหาเวทย์ผนึกมาร (Jujutsu Kaisen) เล่ม 20,Gege Akutami,90,1,1,A-04,5
B490101021,มหาเวทย์ผนึกมาร (Jujutsu Kaisen) เล่ม 21,Gege Akutami,90,1,1,A-04,5
B490101022,มหาเวทย์ผนึกมาร (Jujutsu Kaisen) เล่ม 22,Gege Akutami,90,1,1,A-04,5
B490101023,มหาเวทย์ผนึกมาร (Jujutsu Kaisen) เล่ม 23,Gege Akutami,90,1,1,A-04,5
B490101024,มหาเวทย์ผนึกมาร (Jujutsu Kaisen) เล่ม 24,Gege Akutami,90,1,1,A-04,5
B490101025,มหาเวทย์ผนึกมาร (Jujutsu Kaisen) เล่ม 25,Gege Akutami,90,1,1,A-04,5
B490101026,มหาเวทย์ผนึกมาร (Jujutsu Kaisen) เล่ม 26,Gege Akutami,90,1,1,A-04,5
B490101027,มหาเวทย์ผนึกมาร (Jujutsu Kaisen) เล่ม 27,Gege Akutami,90,1,1,A-04,5
B490101028,มหาเวทย์ผนึกมาร (Jujutsu Kaisen) เล่ม 28,Gege Akutami,90,1,1,A-04,5
B500102001,โคนัน (Detective Conan) เล่ม 1,Gosho Aoyama,90,1,2,A-05,5
B500102002,โคนัน (Detective Conan) เล่ม 2,Gosho Aoyama,90,1,2,A-05,5
B500102003,โคนัน (Detective Conan) เล่ม 3,Gosho Aoyama,90,1,2,A-05,5
B500102004,โคนัน (Detective Conan) เล่ม 4,Gosho Aoyama,90,1,2,A-05,5
B500102005,โคนัน (Detective Conan) เล่ม 5,Gosho Aoyama,90,1,2,A-05,5
B500102006,โคนัน (Detective Conan) เล่ม 6,Gosho Aoyama,90,1,2,A-05,5
B500102007,โคนัน (Detective Conan) เล่ม 7,Gosho Aoyama,90,1,2,A-05,5
B500102008,โคนัน (Detective Conan) เล่ม 8,Gosho Aoyama,90,1,2,A-05,5
B500102009,โคนัน (Detective Conan) เล่ม 9,Gosho Aoyama,90,1,2,A-05,5
B500102010,โคนัน (Detective Conan) เล่ม 10,Gosho Aoyama,90,1,2,A-05,5
B500102011,โคนัน (Detective Conan) เล่ม 11,Gosho Aoyama,90,1,2,A-05,5
B500102012,โคนัน (Detective Conan) เล่ม 12,Gosho Aoyama,90,1,2,A-05,5
B500102013,โคนัน (Detective Conan) เล่ม 13,Gosho Aoyama,90,1,2,A-05,5
B500102014,โคนัน (Detective Conan) เล่ม 14,Gosho Aoyama,90,1,2,A-05,5
B500102015,โคนัน (Detective Conan) เล่ม 15,Gosho Aoyama,90,1,2,A-05,5
B500102016,โคนัน (Detective Conan) เล่ม 16,Gosho Aoyama,90,1,2,A-05,5
B500102017,โคนัน (Detective Conan) เล่ม 17,Gosho Aoyama,90,1,2,A-05,5
B500102018,โคนัน (Detective Conan) เล่ม 18,Gosho Aoyama,90,1,2,A-05,5
B500102019,โคนัน (Detective Conan) เล่ม 19,Gosho Aoyama,90,1,2,A-05,5
B500102020,โคนัน (Detective Conan) เล่ม 20,Gosho Aoyama,90,1,2,A-05,5
B500102021,โคนัน (Detective Conan) เล่ม 21,Gosho Aoyama,90,1,2,A-05,5
B500102022,โคนัน (Detective Conan) เล่ม 22,Gosho Aoyama,90,1,2,A-05,5
B500102023,โคนัน (Detective Conan) เล่ม 23,Gosho Aoyama,90,1,2,A-05,5
B500102024,โคนัน (Detective Conan) เล่ม 24,Gosho Aoyama,90,1,2,A-05,5
B500102025,โคนัน (Detective Conan) เล่ม 25,Gosho Aoyama,90,1,2,A-05,5
B500102026,โคนัน (Detective Conan) เล่ม 26,Gosho Aoyama,90,1,2,A-05,5
B500102027,โคนัน (Detective Conan) เล่ม 27,Gosho Aoyama,90,1,2,A-05,5
B500102028,โคนัน (Detective Conan) เล่ม 28,Gosho Aoyama,90,1,2,A-05,5
B500102029,โคนัน (Detective Conan) เล่ม 29,Gosho Aoyama,90,1,2,A-05,5
B500102030,โคนัน (Detective Conan) เล่ม 30,Gosho Aoyama,90,1,2,A-05,5
B500102031,โคนัน (Detective Conan) เล่ม 31,Gosho Aoyama,90,1,2,A-05,5
B500102032,โคนัน (Detective Conan) เล่ม 32,Gosho Aoyama,90,1,2,A-05,5
B500102033,โคนัน (Detective Conan) เล่ม 33,Gosho Aoyama,90,1,2,A-05,5
B500102034,โคนัน (Detective Conan) เล่ม 34,Gosho Aoyama,90,1,2,A-05,5
B500102035,โคนัน (Detective Conan) เล่ม 35,Gosho Aoyama,90,1,2,A-05,5
B500102036,โคนัน (Detective Conan) เล่ม 36,Gosho Aoyama,90,1,2,A-05,5
B500102037,โคนัน (Detective Conan) เล่ม 37,Gosho Aoyama,90,1,2,A-05,5
B500102038,โคนัน (Detective Conan) เล่ม 38,Gosho Aoyama,90,1,2,A-05,5
B500102039,โคนัน (Detective Conan) เล่ม 39,Gosho Aoyama,90,1,2,A-05,5
B500102040,โคนัน (Detective Conan) เล่ม 40,Gosho Aoyama,90,1,2,A-05,5
B500102041,โคนัน (Detective Conan) เล่ม 41,Gosho Aoyama,90,1,2,A-05,5
B500102042,โคนัน (Detective Conan) เล่ม 42,Gosho Aoyama,90,1,2,A-05,5
B500102043,โคนัน (Detective Conan) เล่ม 43,Gosho Aoyama,90,1,2,A-05,5
B500102044,โคนัน (Detective Conan) เล่ม 44,Gosho Aoyama,90,1,2,A-05,5
B500102045,โคนัน (Detective Conan) เล่ม 45,Gosho Aoyama,90,1,2,A-05,5
B500102046,โคนัน (Detective Conan) เล่ม 46,Gosho Aoyama,90,1,2,A-05,5
B500102047,โคนัน (Detective Conan) เล่ม 47,Gosho Aoyama,90,1,2,A-05,5
B500102048,โคนัน (Detective Conan) เล่ม 48,Gosho Aoyama,90,1,2,A-05,5
B500102049,โคนัน (Detective Conan) เล่ม 49,Gosho Aoyama,90,1,2,A-05,5
B500102050,โคนัน (Detective Conan) เล่ม 50,Gosho Aoyama,90,1,2,A-05,5
B500102051,โคนัน (Detective Conan) เล่ม 51,Gosho Aoyama,90,1,2,A-05,5
B500102052,โคนัน (Detective Conan) เล่ม 52,Gosho Aoyama,90,1,2,A-05,5
B500102053,โคนัน (Detective Conan) เล่ม 53,Gosho Aoyama,90,1,2,A-05,5
B500102054,โคนัน (Detective Conan) เล่ม 54,Gosho Aoyama,90,1,2,A-05,5
B500102055,โคนัน (Detective Conan) เล่ม 55,Gosho Aoyama,90,1,2,A-05,5
B500102056,โคนัน (Detective Conan) เล่ม 56,Gosho Aoyama,90,1,2,A-05,5
B500102057,โคนัน (Detective Conan) เล่ม 57,Gosho Aoyama,90,1,2,A-05,5
B500102058,โคนัน (Detective Conan) เล่ม 58,Gosho Aoyama,90,1,2,A-05,5
B500102059,โคนัน (Detective Conan) เล่ม 59,Gosho Aoyama,90,1,2,A-05,5
B500102060,โคนัน (Detective Conan) เล่ม 60,Gosho Aoyama,90,1,2,A-05,5
B500102061,โคนัน (Detective Conan) เล่ม 61,Gosho Aoyama,90,1,2,A-05,5
B500102062,โคนัน (Detective Conan) เล่ม 62,Gosho Aoyama,90,1,2,A-05,5
B500102063,โคนัน (Detective Conan) เล่ม 63,Gosho Aoyama,90,1,2,A-05,5
B500102064,โคนัน (Detective Conan) เล่ม 64,Gosho Aoyama,90,1,2,A-05,5
B500102065,โคนัน (Detective Conan) เล่ม 65,Gosho Aoyama,90,1,2,A-05,5
B500102066,โคนัน (Detective Conan) เล่ม 66,Gosho Aoyama,90,1,2,A-05,5
B500102067,โคนัน (Detective Conan) เล่ม 67,Gosho Aoyama,90,1,2,A-05,5
B500102068,โคนัน (Detective Conan) เล่ม 68,Gosho Aoyama,90,1,2,A-05,5
B500102069,โคนัน (Detective Conan) เล่ม 69,Gosho Aoyama,90,1,2,A-05,5
B500102070,โคนัน (Detective Conan) เล่ม 70,Gosho Aoyama,90,1,2,A-05,5
B500102071,โคนัน (Detective Conan) เล่ม 71,Gosho Aoyama,90,1,2,A-05,5
B500102072,โคนัน (Detective Conan) เล่ม 72,Gosho Aoyama,90,1,2,A-05,5
B500102073,โคนัน (Detective Conan) เล่ม 73,Gosho Aoyama,90,1,2,A-05,5
B500102074,โคนัน (Detective Conan) เล่ม 74,Gosho Aoyama,90,1,2,A-05,5
B500102075,โคนัน (Detective Conan) เล่ม 75,Gosho Aoyama,90,1,2,A-05,5
B500102076,โคนัน (Detective Conan) เล่ม 76,Gosho Aoyama,90,1,2,A-05,5
B500102077,โคนัน (Detective Conan) เล่ม 77,Gosho Aoyama,90,1,2,A-05,5
B500102078,โคนัน (Detective Conan) เล่ม 78,Gosho Aoyama,90,1,2,A-05,5
B500102079,โคนัน (Detective Conan) เล่ม 79,Gosho Aoyama,90,1,2,A-05,5
B500102080,โคนัน (Detective Conan) เล่ม 80,Gosho Aoyama,90,1,2,A-05,5
B500102081,โคนัน (Detective Conan) เล่ม 81,Gosho Aoyama,90,1,2,A-05,5
B500102082,โคนัน (Detective Conan) เล่ม 82,Gosho Aoyama,90,1,2,A-05,5
B500102083,โคนัน (Detective Conan) เล่ม 83,Gosho Aoyama,90,1,2,A-05,5
B500102084,โคนัน (Detective Conan) เล่ม 84,Gosho Aoyama,90,1,2,A-05,5
B500102085,โคนัน (Detective Conan) เล่ม 85,Gosho Aoyama,90,1,2,A-05,5
B500102086,โคนัน (Detective Conan) เล่ม 86,Gosho Aoyama,90,1,2,A-05,5
B500102087,โคนัน (Detective Conan) เล่ม 87,Gosho Aoyama,90,1,2,A-05,5
B500102088,โคนัน (Detective Conan) เล่ม 88,Gosho Aoyama,90,1,2,A-05,5
B500102089,โคนัน (Detective Conan) เล่ม 89,Gosho Aoyama,90,1,2,A-05,5
B500102090,โคนัน (Detective Conan) เล่ม 90,Gosho Aoyama,90,1,2,A-05,5
B500102091,โคนัน (Detective Conan) เล่ม 91,Gosho Aoyama,90,1,2,A-05,5
B500102092,โคนัน (Detective Conan) เล่ม 92,Gosho Aoyama,90,1,2,A-05,5
B500102093,โคนัน (Detective Conan) เล่ม 93,Gosho Aoyama,90,1,2,A-05,5
B500102094,โคนัน (Detective Conan) เล่ม 94,Gosho Aoyama,90,1,2,A-05,5
B500102095,โคนัน (Detective Conan) เล่ม 95,Gosho Aoyama,90,1,2,A-05,5
B500102096,โคนัน (Detective Conan) เล่ม 96,Gosho Aoyama,90,1,2,A-05,5
B500102097,โคนัน (Detective Conan) เล่ม 97,Gosho Aoyama,90,1,2,A-05,5
B500102098,โคนัน (Detective Conan) เล่ม 98,Gosho Aoyama,90,1,2,A-05,5
B500102099,โคนัน (Detective Conan) เล่ม 99,Gosho Aoyama,90,1,2,A-05,5
B500102100,โคนัน (Detective Conan) เล่ม 100,Gosho Aoyama,90,1,2,A-05,5
B500102101,โคนัน (Detective Conan) เล่ม 101,Gosho Aoyama,90,1,2,A-05,5
B500102102,โคนัน (Detective Conan) เล่ม 102,Gosho Aoyama,90,1,2,A-05,5
B500102103,โคนัน (Detective Conan) เล่ม 103,Gosho Aoyama,90,1,2,A-05,5
B500102104,โคนัน (Detective Conan) เล่ม 104,Gosho Aoyama,90,1,2,A-05,5
B500102105,โคนัน (Detective Conan) เล่ม 105,Gosho Aoyama,90,1,2,A-05,5
B500102106,โคนัน (Detective Conan) เล่ม 106,Gosho Aoyama,90,1,2,A-05,5
B500102107,โคนัน (Detective Conan) เล่ม 107,Gosho Aoyama,90,1,2,A-05,5
B510103001,Spy x Family เล่ม 1,Tatsuya Endo,95,1,3,A-06,5
B510103002,Spy x Family เล่ม 2,Tatsuya Endo,95,1,3,A-06,5
B510103003,Spy x Family เล่ม 3,Tatsuya Endo,95,1,3,A-06,5
B510103004,Spy x Family เล่ม 4,Tatsuya Endo,95,1,3,A-06,5
B510103005,Spy x Family เล่ม 5,Tatsuya Endo,95,1,3,A-06,5
B510103006,Spy x Family เล่ม 6,Tatsuya Endo,95,1,3,A-06,5
B510103007,Spy x Family เล่ม 7,Tatsuya Endo,95,1,3,A-06,5
B510103008,Spy x Family เล่ม 8,Tatsuya Endo,95,1,3,A-06,5
B510103009,Spy x Family เล่ม 9,Tatsuya Endo,95,1,3,A-06,5
B510103010,Spy x Family เล่ม 10,Tatsuya Endo,95,1,3,A-06,5
B510103011,Spy x Family เล่ม 11,Tatsuya Endo,95,1,3,A-06,5
B510103012,Spy x Family เล่ม 12,Tatsuya Endo,95,1,3,A-06,5
B510103013,Spy x Family เล่ม 13,Tatsuya Endo,95,1,3,A-06,5
B510103014,Spy x Family เล่ม 14,Tatsuya Endo,95,1,3,A-06,5
B510103015,Spy x Family เล่ม 15,Tatsuya Endo,95,1,3,A-06,5
B510103016,Spy x Family เล่ม 16,Tatsuya Endo,95,1,3,A-06,5
B520103001,ไม่อยากถ้ายาก เล่ม 1,Koji Kumeta,75,1,3,B-01,5
B520103002,ไม่อยากถ้ายาก เล่ม 2,Koji Kumeta,75,1,3,B-01,5
B520103003,ไม่อยากถ้ายาก เล่ม 3,Koji Kumeta,75,1,3,B-01,5
B520103004,ไม่อยากถ้ายาก เล่ม 4,Koji Kumeta,75,1,3,B-01,5
B520103005,ไม่อยากถ้ายาก เล่ม 5,Koji Kumeta,75,1,3,B-01,5
B520103006,ไม่อยากถ้ายาก เล่ม 6,Koji Kumeta,75,1,3,B-01,5
B520103007,ไม่อยากถ้ายาก เล่ม 7,Koji Kumeta,75,1,3,B-01,5
B520103008,ไม่อยากถ้ายาก เล่ม 8,Koji Kumeta,75,1,3,B-01,5
B520103009,ไม่อยากถ้ายาก เล่ม 9,Koji Kumeta,75,1,3,B-01,5
B520103010,ไม่อยากถ้ายาก เล่ม 10,Koji Kumeta,75,1,3,B-01,5
B520103011,ไม่อยากถ้ายาก เล่ม 11,Koji Kumeta,75,1,3,B-01,5
B520103012,ไม่อยากถ้ายาก เล่ม 12,Koji Kumeta,75,1,3,B-01,5
B520103013,ไม่อยากถ้ายาก เล่ม 13,Koji Kumeta,75,1,3,B-01,5
B520103014,ไม่อยากถ้ายาก เล่ม 14,Koji Kumeta,75,1,3,B-01,5
B520103015,ไม่อยากถ้ายาก เล่ม 15,Koji Kumeta,75,1,3,B-01,5
B520103016,ไม่อยากถ้ายาก เล่ม 16,Koji Kumeta,75,1,3,B-01,5
B520103017,ไม่อยากถ้ายาก เล่ม 17,Koji Kumeta,75,1,3,B-01,5
B520103018,ไม่อยากถ้ายาก เล่ม 18,Koji Kumeta,75,1,3,B-01,5
B520103019,ไม่อยากถ้ายาก เล่ม 19,Koji Kumeta,75,1,3,B-01,5
B520103020,ไม่อยากถ้ายาก เล่ม 20,Koji Kumeta,75,1,3,B-01,5
B520103021,ไม่อยากถ้ายาก เล่ม 21,Koji Kumeta,75,1,3,B-01,5
B520103022,ไม่อยากถ้ายาก เล่ม 22,Koji Kumeta,75,1,3,B-01,5
B520103023,ไม่อยากถ้ายาก เล่ม 23,Koji Kumeta,75,1,3,B-01,5
B520103024,ไม่อยากถ้ายาก เล่ม 24,Koji Kumeta,75,1,3,B-01,5
B520103025,ไม่อยากถ้ายาก เล่ม 25,Koji Kumeta,75,1,3,B-01,5
B520103026,ไม่อยากถ้ายาก เล่ม 26,Koji Kumeta,75,1,3,B-01,5
B520103027,ไม่อยากถ้ายาก เล่ม 27,Koji Kumeta,75,1,3,B-01,5
B520103028,ไม่อยากถ้ายาก เล่ม 28,Koji Kumeta,75,1,3,B-01,5
B520103029,ไม่อยากถ้ายาก เล่ม 29,Koji Kumeta,75,1,3,B-01,5
B520103030,ไม่อยากถ้ายาก เล่ม 30,Koji Kumeta,75,1,3,B-01,5
B520103031,ไม่อยากถ้ายาก เล่ม 31,Koji Kumeta,75,1,3,B-01,5
B520103032,ไม่อยากถ้ายาก เล่ม 32,Koji Kumeta,75,1,3,B-01,5
B520103033,ไม่อยากถ้ายาก เล่ม 33,Koji Kumeta,75,1,3,B-01,5
B520103034,ไม่อยากถ้ายาก เล่ม 34,Koji Kumeta,75,1,3,B-01,5
B520103035,ไม่อยากถ้ายาก เล่ม 35,Koji Kumeta,75,1,3,B-01,5
B520103036,ไม่อยากถ้ายาก เล่ม 36,Koji Kumeta,75,1,3,B-01,5
B520103037,ไม่อยากถ้ายาก เล่ม 37,Koji Kumeta,75,1,3,B-01,5
B520103038,ไม่อยากถ้ายาก เล่ม 38,Koji Kumeta,75,1,3,B-01,5
B520103039,ไม่อยากถ้ายาก เล่ม 39,Koji Kumeta,75,1,3,B-01,5
B520103040,ไม่อยากถ้ายาก เล่ม 40,Koji Kumeta,75,1,3,B-01,5
B530103001,ครอบครัวตึ๋งหนืด เล่ม 1,Lee Bong-gi / Studio Mango,165,1,3,B-02,5
B530103002,ครอบครัวตึ๋งหนืด เล่ม 2,Lee Bong-gi / Studio Mango,165,1,3,B-02,5
B530103003,ครอบครัวตึ๋งหนืด เล่ม 3,Lee Bong-gi / Studio Mango,165,1,3,B-02,5
B530103004,ครอบครัวตึ๋งหนืด เล่ม 4,Lee Bong-gi / Studio Mango,165,1,3,B-02,5
B530103005,ครอบครัวตึ๋งหนืด เล่ม 5,Lee Bong-gi / Studio Mango,165,1,3,B-02,5
B530103006,ครอบครัวตึ๋งหนืด เล่ม 6,Lee Bong-gi / Studio Mango,165,1,3,B-02,5
B530103007,ครอบครัวตึ๋งหนืด เล่ม 7,Lee Bong-gi / Studio Mango,165,1,3,B-02,5
B530103008,ครอบครัวตึ๋งหนืด เล่ม 8,Lee Bong-gi / Studio Mango,165,1,3,B-02,5
B530103009,ครอบครัวตึ๋งหนืด เล่ม 9,Lee Bong-gi / Studio Mango,165,1,3,B-02,5
B530103010,ครอบครัวตึ๋งหนืด เล่ม 10,Lee Bong-gi / Studio Mango,165,1,3,B-02,5
B530103011,ครอบครัวตึ๋งหนืด เล่ม 11,Lee Bong-gi / Studio Mango,165,1,3,B-02,5
B530103012,ครอบครัวตึ๋งหนืด เล่ม 12,Lee Bong-gi / Studio Mango,165,1,3,B-02,5
B530103013,ครอบครัวตึ๋งหนืด เล่ม 13,Lee Bong-gi / Studio Mango,165,1,3,B-02,5
B530103014,ครอบครัวตึ๋งหนืด เล่ม 14,Lee Bong-gi / Studio Mango,165,1,3,B-02,5
B530103015,ครอบครัวตึ๋งหนืด เล่ม 15,Lee Bong-gi / Studio Mango,165,1,3,B-02,5
B530103016,ครอบครัวตึ๋งหนืด เล่ม 16,Lee Bong-gi / Studio Mango,165,1,3,B-02,5
B530103017,ครอบครัวตึ๋งหนืด เล่ม 17,Lee Bong-gi / Studio Mango,165,1,3,B-02,5
B530103018,ครอบครัวตึ๋งหนืด เล่ม 18,Lee Bong-gi / Studio Mango,165,1,3,B-02,5
B530103019,ครอบครัวตึ๋งหนืด เล่ม 19,Lee Bong-gi / Studio Mango,165,1,3,B-02,5
B530103020,ครอบครัวตึ๋งหนืด เล่ม 20,Lee Bong-gi / Studio Mango,165,1,3,B-02,5
B530103021,ครอบครัวตึ๋งหนืด เล่ม 21,Lee Bong-gi / Studio Mango,165,1,3,B-02,5
B530103022,ครอบครัวตึ๋งหนืด เล่ม 22,Lee Bong-gi / Studio Mango,165,1,3,B-02,5
B530103023,ครอบครัวตึ๋งหนืด เล่ม 23,Lee Bong-gi / Studio Mango,165,1,3,B-02,5
B530103024,ครอบครัวตึ๋งหนืด เล่ม 24,Lee Bong-gi / Studio Mango,165,1,3,B-02,5
B530103025,ครอบครัวตึ๋งหนืด เล่ม 25,Lee Bong-gi / Studio Mango,165,1,3,B-02,5
B530103026,ครอบครัวตึ๋งหนืด เล่ม 26,Lee Bong-gi / Studio Mango,165,1,3,B-02,5
B530103027,ครอบครัวตึ๋งหนืด เล่ม 27,Lee Bong-gi / Studio Mango,165,1,3,B-02,5
B530103028,ครอบครัวตึ๋งหนืด เล่ม 28,Lee Bong-gi / Studio Mango,165,1,3,B-02,5
B530103029,ครอบครัวตึ๋งหนืด เล่ม 29,Lee Bong-gi / Studio Mango,165,1,3,B-02,5
B530103030,ครอบครัวตึ๋งหนืด เล่ม 30,Lee Bong-gi / Studio Mango,165,1,3,B-02,5
B530103031,ครอบครัวตึ๋งหนืด เล่ม 31,Lee Bong-gi / Studio Mango,165,1,3,B-02,5
B530103032,ครอบครัวตึ๋งหนืด เล่ม 32,Lee Bong-gi / Studio Mango,165,1,3,B-02,5
B530103033,ครอบครัวตึ๋งหนืด เล่ม 33,Lee Bong-gi / Studio Mango,165,1,3,B-02,5
B530103034,ครอบครัวตึ๋งหนืด เล่ม 34,Lee Bong-gi / Studio Mango,165,1,3,B-02,5
B530103035,ครอบครัวตึ๋งหนืด เล่ม 35,Lee Bong-gi / Studio Mango,165,1,3,B-02,5
B530103036,ครอบครัวตึ๋งหนืด เล่ม 36,Lee Bong-gi / Studio Mango,165,1,3,B-02,5
B530103037,ครอบครัวตึ๋งหนืด เล่ม 37,Lee Bong-gi / Studio Mango,165,1,3,B-02,5
B530103038,ครอบครัวตึ๋งหนืด เล่ม 38,Lee Bong-gi / Studio Mango,165,1,3,B-02,5
B530103039,ครอบครัวตึ๋งหนืด เล่ม 39,Lee Bong-gi / Studio Mango,165,1,3,B-02,5
B530103040,ครอบครัวตึ๋งหนืด เล่ม 40,Lee Bong-gi / Studio Mango,165,1,3,B-02,5
B530103041,ครอบครัวตึ๋งหนืด เล่ม 41,Lee Bong-gi / Studio Mango,165,1,3,B-02,5
B530103042,ครอบครัวตึ๋งหนืด เล่ม 42,Lee Bong-gi / Studio Mango,165,1,3,B-02,5
B530103043,ครอบครัวตึ๋งหนืด เล่ม 43,Lee Bong-gi / Studio Mango,165,1,3,B-02,5
B530103044,ครอบครัวตึ๋งหนืด เล่ม 44,Lee Bong-gi / Studio Mango,165,1,3,B-02,5
B530103045,ครอบครัวตึ๋งหนืด เล่ม 45,Lee Bong-gi / Studio Mango,165,1,3,B-02,5
B530103046,ครอบครัวตึ๋งหนืด เล่ม 46,Lee Bong-gi / Studio Mango,165,1,3,B-02,5
B530103047,ครอบครัวตึ๋งหนืด เล่ม 47,Lee Bong-gi / Studio Mango,165,1,3,B-02,5
B530103048,ครอบครัวตึ๋งหนืด เล่ม 48,Lee Bong-gi / Studio Mango,165,1,3,B-02,5
B530103049,ครอบครัวตึ๋งหนืด เล่ม 49,Lee Bong-gi / Studio Mango,165,1,3,B-02,5
B530103050,ครอบครัวตึ๋งหนืด เล่ม 50,Lee Bong-gi / Studio Mango,165,1,3,B-02,5
B540204001,เรื่องผีรอบโลก เล่ม 1,Yeondoo Comics,165,2,4,B-03,5
B540204002,เรื่องผีรอบโลก เล่ม 2,Yeondoo Comics,165,2,4,B-03,5
B540204003,เรื่องผีรอบโลก เล่ม 3,Yeondoo Comics,165,2,4,B-03,5
B540204004,เรื่องผีรอบโลก เล่ม 4,Yeondoo Comics,165,2,4,B-03,5
B540204005,เรื่องผีรอบโลก เล่ม 5,Yeondoo Comics,165,2,4,B-03,5
B540204006,เรื่องผีรอบโลก เล่ม 6,Yeondoo Comics,165,2,4,B-03,5
B540204007,เรื่องผีรอบโลก เล่ม 7,Yeondoo Comics,165,2,4,B-03,5
B540204008,เรื่องผีรอบโลก เล่ม 8,Yeondoo Comics,165,2,4,B-03,5
B540204009,เรื่องผีรอบโลก เล่ม 9,Yeondoo Comics,165,2,4,B-03,5
B540204010,เรื่องผีรอบโลก เล่ม 10,Yeondoo Comics,165,2,4,B-03,5
B540204011,เรื่องผีรอบโลก เล่ม 11,Yeondoo Comics,165,2,4,B-03,5
B540204012,เรื่องผีรอบโลก เล่ม 12,Yeondoo Comics,165,2,4,B-03,5
B540204013,เรื่องผีรอบโลก เล่ม 13,Yeondoo Comics,165,2,4,B-03,5
B540204014,เรื่องผีรอบโลก เล่ม 14,Yeondoo Comics,165,2,4,B-03,5
B540204015,เรื่องผีรอบโลก เล่ม 15,Yeondoo Comics,165,2,4,B-03,5
B540204016,เรื่องผีรอบโลก เล่ม 16,Yeondoo Comics,165,2,4,B-03,5
B540204017,เรื่องผีรอบโลก เล่ม 17,Yeondoo Comics,165,2,4,B-03,5
B540204018,เรื่องผีรอบโลก เล่ม 18,Yeondoo Comics,165,2,4,B-03,5
B540204019,เรื่องผีรอบโลก เล่ม 19,Yeondoo Comics,165,2,4,B-03,5
B540204020,เรื่องผีรอบโลก เล่ม 20,Yeondoo Comics,165,2,4,B-03,5
B540204021,เรื่องผีรอบโลก เล่ม 21,Yeondoo Comics,165,2,4,B-03,5
B540204022,เรื่องผีรอบโลก เล่ม 22,Yeondoo Comics,165,2,4,B-03,5
B540204023,เรื่องผีรอบโลก เล่ม 23,Yeondoo Comics,165,2,4,B-03,5
B540204024,เรื่องผีรอบโลก เล่ม 24,Yeondoo Comics,165,2,4,B-03,5
B540204025,เรื่องผีรอบโลก เล่ม 25,Yeondoo Comics,165,2,4,B-03,5
B540204026,เรื่องผีรอบโลก เล่ม 26,Yeondoo Comics,165,2,4,B-03,5
B540204027,เรื่องผีรอบโลก เล่ม 27,Yeondoo Comics,165,2,4,B-03,5
B540204028,เรื่องผีรอบโลก เล่ม 28,Yeondoo Comics,165,2,4,B-03,5
B540204029,เรื่องผีรอบโลก เล่ม 29,Yeondoo Comics,165,2,4,B-03,5
B540204030,เรื่องผีรอบโลก เล่ม 30,Yeondoo Comics,165,2,4,B-03,5
B550205001,ล่าขุมทรัพย์สุดขอบฟ้า เล่ม 1,Gomdori co.,165,2,5,B-04,5
B550205002,ล่าขุมทรัพย์สุดขอบฟ้า เล่ม 2,Gomdori co.,165,2,5,B-04,5
B550205003,ล่าขุมทรัพย์สุดขอบฟ้า เล่ม 3,Gomdori co.,165,2,5,B-04,5
B550205004,ล่าขุมทรัพย์สุดขอบฟ้า เล่ม 4,Gomdori co.,165,2,5,B-04,5
B550205005,ล่าขุมทรัพย์สุดขอบฟ้า เล่ม 5,Gomdori co.,165,2,5,B-04,5
B550205006,ล่าขุมทรัพย์สุดขอบฟ้า เล่ม 6,Gomdori co.,165,2,5,B-04,5
B550205007,ล่าขุมทรัพย์สุดขอบฟ้า เล่ม 7,Gomdori co.,165,2,5,B-04,5
B550205008,ล่าขุมทรัพย์สุดขอบฟ้า เล่ม 8,Gomdori co.,165,2,5,B-04,5
B550205009,ล่าขุมทรัพย์สุดขอบฟ้า เล่ม 9,Gomdori co.,165,2,5,B-04,5
B550205010,ล่าขุมทรัพย์สุดขอบฟ้า เล่ม 10,Gomdori co.,165,2,5,B-04,5
B550205011,ล่าขุมทรัพย์สุดขอบฟ้า เล่ม 11,Gomdori co.,165,2,5,B-04,5
B550205012,ล่าขุมทรัพย์สุดขอบฟ้า เล่ม 12,Gomdori co.,165,2,5,B-04,5
B550205013,ล่าขุมทรัพย์สุดขอบฟ้า เล่ม 13,Gomdori co.,165,2,5,B-04,5
B550205014,ล่าขุมทรัพย์สุดขอบฟ้า เล่ม 14,Gomdori co.,165,2,5,B-04,5
B550205015,ล่าขุมทรัพย์สุดขอบฟ้า เล่ม 15,Gomdori co.,165,2,5,B-04,5
B550205016,ล่าขุมทรัพย์สุดขอบฟ้า เล่ม 16,Gomdori co.,165,2,5,B-04,5
B550205017,ล่าขุมทรัพย์สุดขอบฟ้า เล่ม 17,Gomdori co.,165,2,5,B-04,5
B550205018,ล่าขุมทรัพย์สุดขอบฟ้า เล่ม 18,Gomdori co.,165,2,5,B-04,5
B550205019,ล่าขุมทรัพย์สุดขอบฟ้า เล่ม 19,Gomdori co.,165,2,5,B-04,5
B550205020,ล่าขุมทรัพย์สุดขอบฟ้า เล่ม 20,Gomdori co.,165,2,5,B-04,5
B550205021,ล่าขุมทรัพย์สุดขอบฟ้า เล่ม 21,Gomdori co.,165,2,5,B-04,5
B550205022,ล่าขุมทรัพย์สุดขอบฟ้า เล่ม 22,Gomdori co.,165,2,5,B-04,5
B550205023,ล่าขุมทรัพย์สุดขอบฟ้า เล่ม 23,Gomdori co.,165,2,5,B-04,5
B550205024,ล่าขุมทรัพย์สุดขอบฟ้า เล่ม 24,Gomdori co.,165,2,5,B-04,5
B550205025,ล่าขุมทรัพย์สุดขอบฟ้า เล่ม 25,Gomdori co.,165,2,5,B-04,5
B550205026,ล่าขุมทรัพย์สุดขอบฟ้า เล่ม 26,Gomdori co.,165,2,5,B-04,5
B550205027,ล่าขุมทรัพย์สุดขอบฟ้า เล่ม 27,Gomdori co.,165,2,5,B-04,5
B550205028,ล่าขุมทรัพย์สุดขอบฟ้า เล่ม 28,Gomdori co.,165,2,5,B-04,5
B550205029,ล่าขุมทรัพย์สุดขอบฟ้า เล่ม 29,Gomdori co.,165,2,5,B-04,5
B550205030,ล่าขุมทรัพย์สุดขอบฟ้า เล่ม 30,Gomdori co.,165,2,5,B-04,5
B550205031,ล่าขุมทรัพย์สุดขอบฟ้า เล่ม 31,Gomdori co.,165,2,5,B-04,5
B550205032,ล่าขุมทรัพย์สุดขอบฟ้า เล่ม 32,Gomdori co.,165,2,5,B-04,5
B550205033,ล่าขุมทรัพย์สุดขอบฟ้า เล่ม 33,Gomdori co.,165,2,5,B-04,5
B550205034,ล่าขุมทรัพย์สุดขอบฟ้า เล่ม 34,Gomdori co.,165,2,5,B-04,5
B550205035,ล่าขุมทรัพย์สุดขอบฟ้า เล่ม 35,Gomdori co.,165,2,5,B-04,5
B550205036,ล่าขุมทรัพย์สุดขอบฟ้า เล่ม 36,Gomdori co.,165,2,5,B-04,5
B550205037,ล่าขุมทรัพย์สุดขอบฟ้า เล่ม 37,Gomdori co.,165,2,5,B-04,5
B550205038,ล่าขุมทรัพย์สุดขอบฟ้า เล่ม 38,Gomdori co.,165,2,5,B-04,5
B550205039,ล่าขุมทรัพย์สุดขอบฟ้า เล่ม 39,Gomdori co.,165,2,5,B-04,5
B550205040,ล่าขุมทรัพย์สุดขอบฟ้า เล่ม 40,Gomdori co.,165,2,5,B-04,5
B550205041,ล่าขุมทรัพย์สุดขอบฟ้า เล่ม 41,Gomdori co.,165,2,5,B-04,5
B550205042,ล่าขุมทรัพย์สุดขอบฟ้า เล่ม 42,Gomdori co.,165,2,5,B-04,5
B550205043,ล่าขุมทรัพย์สุดขอบฟ้า เล่ม 43,Gomdori co.,165,2,5,B-04,5
B550205044,ล่าขุมทรัพย์สุดขอบฟ้า เล่ม 44,Gomdori co.,165,2,5,B-04,5
B550205045,ล่าขุมทรัพย์สุดขอบฟ้า เล่ม 45,Gomdori co.,165,2,5,B-04,5
B550205046,ล่าขุมทรัพย์สุดขอบฟ้า เล่ม 46,Gomdori co.,165,2,5,B-04,5
B550205047,ล่าขุมทรัพย์สุดขอบฟ้า เล่ม 47,Gomdori co.,165,2,5,B-04,5
B550205048,ล่าขุมทรัพย์สุดขอบฟ้า เล่ม 48,Gomdori co.,165,2,5,B-04,5
B550205049,ล่าขุมทรัพย์สุดขอบฟ้า เล่ม 49,Gomdori co.,165,2,5,B-04,5
B550205050,ล่าขุมทรัพย์สุดขอบฟ้า เล่ม 50,Gomdori co.,165,2,5,B-04,5
B550205051,ล่าขุมทรัพย์สุดขอบฟ้า เล่ม 51,Gomdori co.,165,2,5,B-04,5
B550205052,ล่าขุมทรัพย์สุดขอบฟ้า เล่ม 52,Gomdori co.,165,2,5,B-04,5
B550205053,ล่าขุมทรัพย์สุดขอบฟ้า เล่ม 53,Gomdori co.,165,2,5,B-04,5
B550205054,ล่าขุมทรัพย์สุดขอบฟ้า เล่ม 54,Gomdori co.,165,2,5,B-04,5
B550205055,ล่าขุมทรัพย์สุดขอบฟ้า เล่ม 55,Gomdori co.,165,2,5,B-04,5
B550205056,ล่าขุมทรัพย์สุดขอบฟ้า เล่ม 56,Gomdori co.,165,2,5,B-04,5
B550205057,ล่าขุมทรัพย์สุดขอบฟ้า เล่ม 57,Gomdori co.,165,2,5,B-04,5
B550205058,ล่าขุมทรัพย์สุดขอบฟ้า เล่ม 58,Gomdori co.,165,2,5,B-04,5
B550205059,ล่าขุมทรัพย์สุดขอบฟ้า เล่ม 59,Gomdori co.,165,2,5,B-04,5
B550205060,ล่าขุมทรัพย์สุดขอบฟ้า เล่ม 60,Gomdori co.,165,2,5,B-04,5
B550205061,ล่าขุมทรัพย์สุดขอบฟ้า เล่ม 61,Gomdori co.,165,2,5,B-04,5
B550205062,ล่าขุมทรัพย์สุดขอบฟ้า เล่ม 62,Gomdori co.,165,2,5,B-04,5
B550205063,ล่าขุมทรัพย์สุดขอบฟ้า เล่ม 63,Gomdori co.,165,2,5,B-04,5
B550205064,ล่าขุมทรัพย์สุดขอบฟ้า เล่ม 64,Gomdori co.,165,2,5,B-04,5
B550205065,ล่าขุมทรัพย์สุดขอบฟ้า เล่ม 65,Gomdori co.,165,2,5,B-04,5
B550205066,ล่าขุมทรัพย์สุดขอบฟ้า เล่ม 66,Gomdori co.,165,2,5,B-04,5
B550205067,ล่าขุมทรัพย์สุดขอบฟ้า เล่ม 67,Gomdori co.,165,2,5,B-04,5
B550205068,ล่าขุมทรัพย์สุดขอบฟ้า เล่ม 68,Gomdori co.,165,2,5,B-04,5
B550205069,ล่าขุมทรัพย์สุดขอบฟ้า เล่ม 69,Gomdori co.,165,2,5,B-04,5
B550205070,ล่าขุมทรัพย์สุดขอบฟ้า เล่ม 70,Gomdori co.,165,2,5,B-04,5
B550205071,ล่าขุมทรัพย์สุดขอบฟ้า เล่ม 71,Gomdori co.,165,2,5,B-04,5
B550205072,ล่าขุมทรัพย์สุดขอบฟ้า เล่ม 72,Gomdori co.,165,2,5,B-04,5
B550205073,ล่าขุมทรัพย์สุดขอบฟ้า เล่ม 73,Gomdori co.,165,2,5,B-04,5
B550205074,ล่าขุมทรัพย์สุดขอบฟ้า เล่ม 74,Gomdori co.,165,2,5,B-04,5
B550205075,ล่าขุมทรัพย์สุดขอบฟ้า เล่ม 75,Gomdori co.,165,2,5,B-04,5
B550205076,ล่าขุมทรัพย์สุดขอบฟ้า เล่ม 76,Gomdori co.,165,2,5,B-04,5
B550205077,ล่าขุมทรัพย์สุดขอบฟ้า เล่ม 77,Gomdori co.,165,2,5,B-04,5
B550205078,ล่าขุมทรัพย์สุดขอบฟ้า เล่ม 78,Gomdori co.,165,2,5,B-04,5
B550205079,ล่าขุมทรัพย์สุดขอบฟ้า เล่ม 79,Gomdori co.,165,2,5,B-04,5
B550205080,ล่าขุมทรัพย์สุดขอบฟ้า เล่ม 80,Gomdori co.,165,2,5,B-04,5
B560205001,คุกกี้รัน เอาชีวิตรอด เล่ม 1,Kim Kang-hwa,165,2,5,B-05,5
B560205002,คุกกี้รัน เอาชีวิตรอด เล่ม 2,Kim Kang-hwa,165,2,5,B-05,5
B560205003,คุกกี้รัน เอาชีวิตรอด เล่ม 3,Kim Kang-hwa,165,2,5,B-05,5
B560205004,คุกกี้รัน เอาชีวิตรอด เล่ม 4,Kim Kang-hwa,165,2,5,B-05,5
B560205005,คุกกี้รัน เอาชีวิตรอด เล่ม 5,Kim Kang-hwa,165,2,5,B-05,5
B560205006,คุกกี้รัน เอาชีวิตรอด เล่ม 6,Kim Kang-hwa,165,2,5,B-05,5
B560205007,คุกกี้รัน เอาชีวิตรอด เล่ม 7,Kim Kang-hwa,165,2,5,B-05,5
B560205008,คุกกี้รัน เอาชีวิตรอด เล่ม 8,Kim Kang-hwa,165,2,5,B-05,5
B560205009,คุกกี้รัน เอาชีวิตรอด เล่ม 9,Kim Kang-hwa,165,2,5,B-05,5
B560205010,คุกกี้รัน เอาชีวิตรอด เล่ม 10,Kim Kang-hwa,165,2,5,B-05,5
B560205011,คุกกี้รัน เอาชีวิตรอด เล่ม 11,Kim Kang-hwa,165,2,5,B-05,5
B560205012,คุกกี้รัน เอาชีวิตรอด เล่ม 12,Kim Kang-hwa,165,2,5,B-05,5
B560205013,คุกกี้รัน เอาชีวิตรอด เล่ม 13,Kim Kang-hwa,165,2,5,B-05,5
B560205014,คุกกี้รัน เอาชีวิตรอด เล่ม 14,Kim Kang-hwa,165,2,5,B-05,5
B560205015,คุกกี้รัน เอาชีวิตรอด เล่ม 15,Kim Kang-hwa,165,2,5,B-05,5
B560205016,คุกกี้รัน เอาชีวิตรอด เล่ม 16,Kim Kang-hwa,165,2,5,B-05,5
B560205017,คุกกี้รัน เอาชีวิตรอด เล่ม 17,Kim Kang-hwa,165,2,5,B-05,5
B560205018,คุกกี้รัน เอาชีวิตรอด เล่ม 18,Kim Kang-hwa,165,2,5,B-05,5
B560205019,คุกกี้รัน เอาชีวิตรอด เล่ม 19,Kim Kang-hwa,165,2,5,B-05,5
B560205020,คุกกี้รัน เอาชีวิตรอด เล่ม 20,Kim Kang-hwa,165,2,5,B-05,5
B560205021,คุกกี้รัน เอาชีวิตรอด เล่ม 21,Kim Kang-hwa,165,2,5,B-05,5
B560205022,คุกกี้รัน เอาชีวิตรอด เล่ม 22,Kim Kang-hwa,165,2,5,B-05,5
B560205023,คุกกี้รัน เอาชีวิตรอด เล่ม 23,Kim Kang-hwa,165,2,5,B-05,5
B560205024,คุกกี้รัน เอาชีวิตรอด เล่ม 24,Kim Kang-hwa,165,2,5,B-05,5
B560205025,คุกกี้รัน เอาชีวิตรอด เล่ม 25,Kim Kang-hwa,165,2,5,B-05,5
B560205026,คุกกี้รัน เอาชีวิตรอด เล่ม 26,Kim Kang-hwa,165,2,5,B-05,5
B560205027,คุกกี้รัน เอาชีวิตรอด เล่ม 27,Kim Kang-hwa,165,2,5,B-05,5
B560205028,คุกกี้รัน เอาชีวิตรอด เล่ม 28,Kim Kang-hwa,165,2,5,B-05,5
B560205029,คุกกี้รัน เอาชีวิตรอด เล่ม 29,Kim Kang-hwa,165,2,5,B-05,5
B560205030,คุกกี้รัน เอาชีวิตรอด เล่ม 30,Kim Kang-hwa,165,2,5,B-05,5
B560205031,คุกกี้รัน เอาชีวิตรอด เล่ม 31,Kim Kang-hwa,165,2,5,B-05,5
B560205032,คุกกี้รัน เอาชีวิตรอด เล่ม 32,Kim Kang-hwa,165,2,5,B-05,5
B560205033,คุกกี้รัน เอาชีวิตรอด เล่ม 33,Kim Kang-hwa,165,2,5,B-05,5
B560205034,คุกกี้รัน เอาชีวิตรอด เล่ม 34,Kim Kang-hwa,165,2,5,B-05,5
B560205035,คุกกี้รัน เอาชีวิตรอด เล่ม 35,Kim Kang-hwa,165,2,5,B-05,5
B560205036,คุกกี้รัน เอาชีวิตรอด เล่ม 36,Kim Kang-hwa,165,2,5,B-05,5
B560205037,คุกกี้รัน เอาชีวิตรอด เล่ม 37,Kim Kang-hwa,165,2,5,B-05,5
B560205038,คุกกี้รัน เอาชีวิตรอด เล่ม 38,Kim Kang-hwa,165,2,5,B-05,5
B560205039,คุกกี้รัน เอาชีวิตรอด เล่ม 39,Kim Kang-hwa,165,2,5,B-05,5
B560205040,คุกกี้รัน เอาชีวิตรอด เล่ม 40,Kim Kang-hwa,165,2,5,B-05,5
B570205001,คุกกี้รัน ผจญภัย เล่ม 1,Song Do-soo,165,2,5,B-06,5
B570205002,คุกกี้รัน ผจญภัย เล่ม 2,Song Do-soo,165,2,5,B-06,5
B570205003,คุกกี้รัน ผจญภัย เล่ม 3,Song Do-soo,165,2,5,B-06,5
B570205004,คุกกี้รัน ผจญภัย เล่ม 4,Song Do-soo,165,2,5,B-06,5
B570205005,คุกกี้รัน ผจญภัย เล่ม 5,Song Do-soo,165,2,5,B-06,5
B570205006,คุกกี้รัน ผจญภัย เล่ม 6,Song Do-soo,165,2,5,B-06,5
B570205007,คุกกี้รัน ผจญภัย เล่ม 7,Song Do-soo,165,2,5,B-06,5
B570205008,คุกกี้รัน ผจญภัย เล่ม 8,Song Do-soo,165,2,5,B-06,5
B570205009,คุกกี้รัน ผจญภัย เล่ม 9,Song Do-soo,165,2,5,B-06,5
B570205010,คุกกี้รัน ผจญภัย เล่ม 10,Song Do-soo,165,2,5,B-06,5
B570205011,คุกกี้รัน ผจญภัย เล่ม 11,Song Do-soo,165,2,5,B-06,5
B570205012,คุกกี้รัน ผจญภัย เล่ม 12,Song Do-soo,165,2,5,B-06,5
B570205013,คุกกี้รัน ผจญภัย เล่ม 13,Song Do-soo,165,2,5,B-06,5
B570205014,คุกกี้รัน ผจญภัย เล่ม 14,Song Do-soo,165,2,5,B-06,5
B570205015,คุกกี้รัน ผจญภัย เล่ม 15,Song Do-soo,165,2,5,B-06,5
B570205016,คุกกี้รัน ผจญภัย เล่ม 16,Song Do-soo,165,2,5,B-06,5
B570205017,คุกกี้รัน ผจญภัย เล่ม 17,Song Do-soo,165,2,5,B-06,5
B570205018,คุกกี้รัน ผจญภัย เล่ม 18,Song Do-soo,165,2,5,B-06,5
B570205019,คุกกี้รัน ผจญภัย เล่ม 19,Song Do-soo,165,2,5,B-06,5
B570205020,คุกกี้รัน ผจญภัย เล่ม 20,Song Do-soo,165,2,5,B-06,5
B570205021,คุกกี้รัน ผจญภัย เล่ม 21,Song Do-soo,165,2,5,B-06,5
B570205022,คุกกี้รัน ผจญภัย เล่ม 22,Song Do-soo,165,2,5,B-06,5
B570205023,คุกกี้รัน ผจญภัย เล่ม 23,Song Do-soo,165,2,5,B-06,5
B570205024,คุกกี้รัน ผจญภัย เล่ม 24,Song Do-soo,165,2,5,B-06,5
B570205025,คุกกี้รัน ผจญภัย เล่ม 25,Song Do-soo,165,2,5,B-06,5
B570205026,คุกกี้รัน ผจญภัย เล่ม 26,Song Do-soo,165,2,5,B-06,5
B570205027,คุกกี้รัน ผจญภัย เล่ม 27,Song Do-soo,165,2,5,B-06,5
B570205028,คุกกี้รัน ผจญภัย เล่ม 28,Song Do-soo,165,2,5,B-06,5
B570205029,คุกกี้รัน ผจญภัย เล่ม 29,Song Do-soo,165,2,5,B-06,5
B570205030,คุกกี้รัน ผจญภัย เล่ม 30,Song Do-soo,165,2,5,B-06,5
B570205031,คุกกี้รัน ผจญภัย เล่ม 31,Song Do-soo,165,2,5,B-06,5
B570205032,คุกกี้รัน ผจญภัย เล่ม 32,Song Do-soo,165,2,5,B-06,5
B570205033,คุกกี้รัน ผจญภัย เล่ม 33,Song Do-soo,165,2,5,B-06,5
B570205034,คุกกี้รัน ผจญภัย เล่ม 34,Song Do-soo,165,2,5,B-06,5
B570205035,คุกกี้รัน ผจญภัย เล่ม 35,Song Do-soo,165,2,5,B-06,5
B570205036,คุกกี้รัน ผจญภัย เล่ม 36,Song Do-soo,165,2,5,B-06,5
B570205037,คุกกี้รัน ผจญภัย เล่ม 37,Song Do-soo,165,2,5,B-06,5
B570205038,คุกกี้รัน ผจญภัย เล่ม 38,Song Do-soo,165,2,5,B-06,5
B570205039,คุกกี้รัน ผจญภัย เล่ม 39,Song Do-soo,165,2,5,B-06,5
B570205040,คุกกี้รัน ผจญภัย เล่ม 40,Song Do-soo,165,2,5,B-06,5
B570205041,คุกกี้รัน ผจญภัย เล่ม 41,Song Do-soo,165,2,5,B-06,5
B570205042,คุกกี้รัน ผจญภัย เล่ม 42,Song Do-soo,165,2,5,B-06,5
B570205043,คุกกี้รัน ผจญภัย เล่ม 43,Song Do-soo,165,2,5,B-06,5
B570205044,คุกกี้รัน ผจญภัย เล่ม 44,Song Do-soo,165,2,5,B-06,5
B570205045,คุกกี้รัน ผจญภัย เล่ม 45,Song Do-soo,165,2,5,B-06,5
B570205046,คุกกี้รัน ผจญภัย เล่ม 46,Song Do-soo,165,2,5,B-06,5
B570205047,คุกกี้รัน ผจญภัย เล่ม 47,Song Do-soo,165,2,5,B-06,5
B570205048,คุกกี้รัน ผจญภัย เล่ม 48,Song Do-soo,165,2,5,B-06,5
B570205049,คุกกี้รัน ผจญภัย เล่ม 49,Song Do-soo,165,2,5,B-06,5
